ページ,セクション,画像
トップページ,トップスライダー1,https://jwcc.coop/wp-content/uploads/2025/02/20250210081842.jpg
トップページ,トップスライダー2,https://jwcc.coop/wp-content/uploads/2025/02/20250218090634.jpg
トップページ,トップスライダー3,https://jwcc.coop/wp-content/uploads/2025/02/20250210081844.jpg
トップページ,わたし達について,https://jwcc.coop/wp-content/uploads/2025/03/20250302142616.jpg
トップページ,事業内容（子育ち支援事業）,https://jwcc.coop/wp-content/uploads/2024/11/20241126070234-1.jpg
トップページ,事業内容（障がい者支援事業）,https://jwcc.coop/wp-content/uploads/2024/11/20241126070235.jpg
トップページ,事業内容（高齢者関連事業）,https://jwcc.coop/wp-content/uploads/2024/11/20241126070236.jpg
トップページ,採用情報1,https://jwcc.coop/wp-content/uploads/2025/03/20250305081615.jpg
トップページ,採用情報2,https://jwcc.coop/wp-content/uploads/2025/03/20250305081615.jpg
わたし達について,,https://jwcc.coop/wp-content/uploads/2025/03/20250305081615-1.jpg
事業内容,事業内容（子育ち支援事業）,https://jwcc.coop/wp-content/uploads/2024/11/20241126070234-1.jpg
事業内容,事業内容（障がい者支援事業）,https://jwcc.coop/wp-content/uploads/2024/11/20241126070235.jpg
事業内容,事業内容（高齢者関連事業）,https://jwcc.coop/wp-content/uploads/2024/11/20241126070236.jpg
事業内容,事業内容（若者自立支援事業）,https://jwcc.coop/wp-content/uploads/2024/11/20241126070236-1.jpg
事業内容,事業内容（生活困窮者自立支援事業）,https://jwcc.coop/wp-content/uploads/2024/11/20241126070237.jpg
事業内容,事業内容（食・農・林業関連事業）,https://jwcc.coop/wp-content/uploads/2024/11/20241126070238.jpg
事業内容,事業内容（再生可能エネルギー事業）,https://jwcc.coop/wp-content/uploads/2025/01/20250106100728.jpg
事業内容,事業内容（建物総合管理事業）,https://jwcc.coop/wp-content/uploads/2024/11/20241126070232-1.jpg
事業内容,事業内容（コミュニティ施設関連事業）,https://jwcc.coop/wp-content/uploads/2024/11/20241126070233.jpg
事業内容,事業内容（協同組合連携事業）,https://jwcc.coop/wp-content/uploads/2024/11/20241126070234.jpg
採用情報,メッセージ,https://jwcc.coop/wp-content/uploads/2024/12/20241203071912.jpg
採用情報,スタッフインタビュー,(remove all images)
